{"apiVersion":"1.1","swaggerVersion":"1.2","basePath":"/mobile/custom/euchatbotapi","apis":[{"path":"/outage/query","operations":[{"type":"void","method":"GET","nickname":"GET","parameters":[{"name":"PhoneNumber","type":"string","paramType":"query","allowMultiple":false,"required":false},{"name":"AccountNumber","type":"string","paramType":"query","allowMultiple":false,"required":false}],"summary":"Outage Status","notes":"Endpoint to get outage status"}]},{"path":"/outage","operations":[{"type":"void","method":"GET","nickname":"GET","parameters":[{"name":"PhoneNumber","type":"string","paramType":"query","allowMultiple":false,"required":false},{"name":"AccountNumber","type":"string","paramType":"query","allowMultiple":false,"required":false}],"summary":"Report Outage"}]},{"path":"/bill/lookup","operations":[{"type":"void","method":"GET","nickname":"GET","parameters":[]}]}],"models":{},"info":{"title":"euchatbotapi","description":"API to call Exelon backend services deployed on different MCS environment"}}