{"apiVersion":"1.0","swaggerVersion":"1.2","basePath":"/mobile/custom/exelonbackendbotapi","apis":[{"path":"/{opco}/outage/query","operations":[{"type":"void","method":"GET","nickname":"GET","parameters":[{"name":"opco","type":"string","paramType":"path","allowMultiple":false,"required":true},{"name":"PhoneNumber","type":"string","paramType":"query","allowMultiple":false,"required":false}],"summary":"Outage Status","notes":"Endpoint to get outage status"}]},{"path":"/{opco}/outage","operations":[{"type":"void","method":"GET","nickname":"GET","parameters":[{"name":"opco","type":"string","paramType":"path","allowMultiple":false,"required":true},{"name":"PhoneNumber","type":"string","paramType":"query","allowMultiple":false,"required":false},{"name":"AccNumber","type":"string","paramType":"query","allowMultiple":false,"required":false}],"summary":"Report Outage"}]}],"models":{},"info":{"title":"exelonbackendbotapi","description":"API to call exelon services"}}