
{
    "apiName":"exelonbackendbotapi",
    "apiVersion":"1.0",
    "apiId":"2fcbeb27-b1a2-4932-a8cc-02b11f54ccc5",
    "baseUrl":"http://<MCS_SERVER>:<MCS_PORT>/",
    "authorization":{
        "mobileBackendID":"<YOUR_MOBILE_BACKEND_ID>",
        "anonymousKey":"<MBE_ANONYMOUS_KEY>",
        "oauth":{
            "tokenEndpoint":"<MBE_OAUTH_TOKEN_ENDPOINT>",
            "clientId":"<MBE_OAUTH_CLIENT_ID>",
            "clientSecret":"<MBE_OAUTH_CLIENT_ID>"
        }
    },
    "container":{
        "oracleMobileApiName":"OracleMobileAPI",
        "port":4000
    },
    "deploy":{
        "tempDirectory":"/tmp/mcs-deploy"
    },
    "tests":{
        "getOpcoOutageQuery":{
            "method":"GET",
            "resource":"/:opco/outage/query",
            "uriParameters":{
                "opco":"<PARAMETER_VALUE>"
            }
        },
        "getOpcoOutage":{
            "method":"GET",
            "resource":"/:opco/outage",
            "uriParameters":{
                "opco":"<PARAMETER_VALUE>"
            }
        }
    }
}